{
    "root_group": {
        "name": "",
        "path": "",
        "id": "d41d8cd98f00b204e9800998ecf8427e",
        "groups": {},
        "checks": {}
    },
    "metrics": {
        "data_received": {
            "count": 2980539,
            "rate": 95618.66692819953
        },
        "iteration_duration": {
            "min": 1187.2997,
            "med": 1206.8682,
            "max": 1936.0529,
            "p(90)": 1291.16464,
            "p(95)": 1357.4830799999997,
            "avg": 1246.0634668016203
        },
        "http_req_failed": {
            "passes": 0,
            "fails": 494,
            "value": 0
        },
        "http_req_waiting": {
            "p(90)": 135.0057,
            "p(95)": 159.28410999999994,
            "avg": 107.16683076923076,
            "min": 81.1309,
            "med": 102.75635,
            "max": 317.9891
        },
        "iterations": {
            "count": 247,
            "rate": 7.924006607954227
        },
        "http_req_connecting": {
            "p(95)": 0,
            "avg": 3.532744939271255,
            "min": 0,
            "med": 0,
            "max": 94.657,
            "p(90)": 0
        },
        "http_req_sending": {
            "p(95)": 0.5101,
            "avg": 0.059277327935222654,
            "min": 0,
            "med": 0,
            "max": 1.0121,
            "p(90)": 0.2511799999999998
        },
        "http_req_duration{expected_response:true}": {
            "p(90)": 143.23677,
            "p(95)": 176.44471499999986,
            "avg": 109.5498182186235,
            "min": 81.1309,
            "med": 103.2756,
            "max": 317.9891
        },
        "http_reqs": {
            "rate": 15.848013215908454,
            "count": 494
        },
        "http_req_blocked": {
            "avg": 9.80767550607288,
            "min": 0,
            "med": 0,
            "max": 267.323,
            "p(90)": 0,
            "p(95)": 0.5186799999999998
        },
        "http_req_tls_handshaking": {
            "avg": 2.771759109311741,
            "min": 0,
            "med": 0,
            "max": 150.5137,
            "p(90)": 0,
            "p(95)": 0
        },
        "data_sent": {
            "count": 53294,
            "rate": 1709.7247294101724
        },
        "http_req_receiving": {
            "avg": 2.323710121457489,
            "min": 0,
            "med": 0,
            "max": 131.1164,
            "p(90)": 0.97031,
            "p(95)": 5.589359999999978
        },
        "vus_max": {
            "value": 10,
            "min": 10,
            "max": 10
        },
        "http_req_duration": {
            "min": 81.1309,
            "med": 103.2756,
            "max": 317.9891,
            "p(90)": 143.23677,
            "p(95)": 176.44471499999986,
            "avg": 109.5498182186235
        },
        "vus": {
            "value": 5,
            "min": 5,
            "max": 10
        }
    }
}